<beans xmlns="http://www.springframework.org/schema/beans"
xmlns:xsi="http://www.w3.org/2001/XMLSchema-instance"
xsi:schemaLocation="http://www.springframework.org/schema/beans
http://www.springframework.org/schema/beans/spring-beans-2.5.xsd">

	<!-- Product business object -->
   <bean id="productBo" class="com.mkyong.product.bo.impl.ProductBoImpl" >
   		<property name="productDao" ref="productDao" />
   		<property name="productQohBo" ref="productQohBo" />
   </bean>
 
   <!-- Product Data Access Object -->
   <bean id="productDao" class="com.mkyong.product.dao.impl.ProductDaoImpl" >
   		<property name="sessionFactory" ref="sessionFactory"></property>
   </bean>
   
   <bean id="productBoProxy"
		class="org.springframework.aop.framework.ProxyFactoryBean">
		<property name="target" ref="productBo" />
		<property name="interceptorNames">
			<list>
				<value>transactionInterceptor</value>
			</list>
		</property>
   </bean>
	
   		
</beans>