<beans xmlns="http://www.springframework.org/schema/beans"
xmlns:xsi="http://www.w3.org/2001/XMLSchema-instance"
xsi:schemaLocation="http://www.springframework.org/schema/beans
http://www.springframework.org/schema/beans/spring-beans-2.5.xsd">

	<bean id="transactionInterceptor" class="org.springframework.transaction.interceptor.TransactionInterceptor">
		<property name="transactionManager" ref="transactionManager" />
		<property name="transactionAttributes">
		<props>
		<prop key="save">PROPAGATION_REQUIRED</prop>
		</props>
		</property>
	</bean>
   
    <bean id="transactionManager" class="org.springframework.orm.hibernate3.HibernateTransactionManager">
		<property name="dataSource" ref="dataSource" />
		<property name="sessionFactory" ref="sessionFactory" />
	</bean>

</beans>
