<?xml version='1.0' encoding='utf-8'?>
<!DOCTYPE hibernate-configuration PUBLIC
        "-//Hibernate/Hibernate Configuration DTD 3.0//EN"
        "http://www.hibernate.org/dtd/hibernate-configuration-3.0.dtd">
<hibernate-configuration>        
  <session-factory>
    <!-- Database connection settings -->
    <property name="connection.driver_class">com.mysql.jdbc.Driver</property>
    <property name="connection.url">jdbc:mysql://localhost:3306/person_db</property>
    <property name="connection.username">root</property>
    <property name="connection.password">secret</property>
    <property name="dialect">org.hibernate.dialect.MySQLDialect</property>
    <property name="show_sql">true</property>
    
    <mapping class="net.codejava.hibernate.Person"/>
<!--     <mapping resource="net/codejava/hibernate/Person.hbm.xml"/> -->
      
  </session-factory>
</hibernate-configuration>