<?xml version="1.0" encoding="UTF-8"?>
<beans xmlns="http://www.springframework.org/schema/beans"
       xmlns:xsi="http://www.w3.org/2001/XMLSchema-instance"
       xsi:schemaLocation="http://www.springframework.org/schema/beans http://www.springframework.org/schema/beans/spring-beans.xsd">

    <!-- datasource -->
    <bean id="dataSource" class="org.springframework.jdbc.datasource.DriverManagerDataSource">
        <property name="driverClassName" value="com.mysql.jdbc.Driver" />
        <property name="username" value="root"></property>
        <property name="password" value="root"></property>
        <property name="url" value="jdbc:mysql://localhost:3306/test">
        </property>
    </bean>

    <!-- template -->
    <bean id="jdbcTemplate" class="org.springframework.jdbc.core.JdbcTemplate">
        <property name="dataSource" ref="dataSource" />
    </bean>

    <!-- services -->
    <bean id="filesService" class="com.spring.example.service.FilesService">
        <property name="jdbcTemplate" ref="jdbcTemplate"/>
    </bean>
    
</beans>